{"stats":{"minecraft:used":{"minecraft:stone_axe":1,"minecraft:dirt":3,"minecraft:crafting_table":1,"minecraft:stone_pickaxe":3,"minecraft:wooden_pickaxe":3},"minecraft:crafted":{"minecraft:oak_planks":28,"minecraft:stone_axe":1,"minecraft:crafting_table":1,"minecraft:stick":8,"minecraft:stone_pickaxe":1,"minecraft:wooden_pickaxe":1},"minecraft:custom":{"minecraft:open_barrel":7,"minecraft:open_chest":4,"minecraft:time_since_rest":15505,"minecraft:play_one_minute":15505,"minecraft:crouch_one_cm":424,"minecraft:sprint_one_cm":68136,"minecraft:damage_taken":170,"minecraft:walk_one_cm":17260,"minecraft:sneak_time":184,"minecraft:walk_under_water_one_cm":524,"minecraft:jump":410,"minecraft:damage_dealt":35,"minecraft:leave_game":3,"minecraft:time_since_death":15505,"minecraft:walk_on_water_one_cm":3475,"minecraft:climb_one_cm":1258,"minecraft:swim_one_cm":5066,"minecraft:interact_with_crafting_table":4,"minecraft:fall_one_cm":11226,"minecraft:fly_one_cm":91490},"minecraft:mined":{"minecraft:grass":1,"minecraft:grass_block":3,"minecraft:oak_log":7,"minecraft:stone":6,"minecraft:crafting_table":1},"minecraft:picked_up":{"minecraft:crafting_table":1,"minecraft:oak_log":7,"minecraft:dirt":3,"minecraft:cobblestone":6}},"DataVersion":2586}