{"stats":{"minecraft:used":{"minecraft:dirt":1,"minecraft:crafting_table":1,"minecraft:wooden_pickaxe":3},"minecraft:crafted":{"minecraft:oak_planks":28,"minecraft:crafting_table":1,"minecraft:stick":8,"minecraft:stone_pickaxe":1,"minecraft:wooden_pickaxe":1},"minecraft:custom":{"minecraft:open_barrel":7,"minecraft:time_since_rest":7725,"minecraft:open_chest":4,"minecraft:play_one_minute":7725,"minecraft:crouch_one_cm":375,"minecraft:sprint_one_cm":29508,"minecraft:damage_taken":50,"minecraft:walk_one_cm":9178,"minecraft:sneak_time":119,"minecraft:walk_under_water_one_cm":121,"minecraft:jump":142,"minecraft:damage_dealt":35,"minecraft:leave_game":2,"minecraft:time_since_death":7725,"minecraft:walk_on_water_one_cm":2500,"minecraft:climb_one_cm":1258,"minecraft:swim_one_cm":1597,"minecraft:interact_with_crafting_table":2,"minecraft:fall_one_cm":3520,"minecraft:fly_one_cm":25841},"minecraft:mined":{"minecraft:grass":1,"minecraft:grass_block":1,"minecraft:oak_log":7,"minecraft:stone":3},"minecraft:picked_up":{"minecraft:oak_log":7,"minecraft:dirt":1,"minecraft:cobblestone":3}},"DataVersion":2586}