{"stats":{"minecraft:used":{"minecraft:dark_oak_log":1,"minecraft:armor_stand":1,"minecraft:stone_pickaxe":6,"minecraft:iron_pickaxe":2,"minecraft:oak_planks":5,"minecraft:spruce_planks":12,"minecraft:wooden_pickaxe":3,"minecraft:stone_axe":17,"minecraft:dirt":3,"minecraft:crafting_table":1},"minecraft:crafted":{"minecraft:oak_planks":28,"minecraft:crafting_table":1,"minecraft:spruce_planks":40,"minecraft:stick":8,"minecraft:wooden_pickaxe":1,"minecraft:stone_pickaxe":1,"minecraft:stone_axe":1},"minecraft:custom":{"minecraft:time_since_rest":39505,"minecraft:sprint_one_cm":207915,"minecraft:damage_taken":1076,"minecraft:walk_one_cm":43048,"minecraft:damage_dealt":35,"minecraft:swim_one_cm":5459,"minecraft:interact_with_crafting_table":5,"minecraft:fly_one_cm":251068,"minecraft:open_barrel":22,"minecraft:open_chest":21,"minecraft:crouch_one_cm":948,"minecraft:play_one_minute":39505,"minecraft:sneak_time":438,"minecraft:walk_under_water_one_cm":570,"minecraft:jump":1122,"minecraft:interact_with_blast_furnace":2,"minecraft:walk_on_water_one_cm":4428,"minecraft:leave_game":3,"minecraft:time_since_death":39505,"minecraft:climb_one_cm":3607,"minecraft:fall_one_cm":44887},"minecraft:mined":{"minecraft:spruce_planks":1,"pixelmon:relic_crown":3,"minecraft:dark_oak_log":1,"minecraft:birch_leaves":1,"minecraft:crafting_table":1,"minecraft:blast_furnace":1,"minecraft:grass":1,"minecraft:grass_block":3,"minecraft:oak_log":7,"minecraft:spruce_wood":10,"minecraft:stone":6},"minecraft:picked_up":{"minecraft:crafting_table":1,"pixelmon:lure_fairy_strong":1,"minecraft:blast_furnace":1,"minecraft:oak_log":7,"pixelmon:water_stone":1,"pixelmon:moon_stone":1,"minecraft:dark_oak_log":1,"minecraft:dirt":3,"minecraft:armor_stand":1,"pixelmon:dusk_stone_helm":1,"pixelmon:water_stone_plate":1,"minecraft:diamond_boots":1,"minecraft:spruce_wood":10,"pixelmon:relic_crown":3,"minecraft:dark_oak_sign":6,"pixelmon:magenta_poke_bag":1,"pixelmon:dawn_stone_legs":1,"pixelmon:pink_trade_machine":1,"minecraft:cobblestone":6}},"DataVersion":2586}