{"stats":{"minecraft:used":{"minecraft:stone_axe":11,"minecraft:dirt":3,"minecraft:crafting_table":1,"minecraft:stone_pickaxe":3,"minecraft:wooden_pickaxe":3},"minecraft:crafted":{"minecraft:oak_planks":28,"minecraft:stone_axe":1,"minecraft:crafting_table":1,"minecraft:spruce_planks":40,"minecraft:stick":8,"minecraft:stone_pickaxe":1,"minecraft:wooden_pickaxe":1},"minecraft:custom":{"minecraft:open_barrel":12,"minecraft:open_chest":14,"minecraft:time_since_rest":27505,"minecraft:play_one_minute":27505,"minecraft:crouch_one_cm":734,"minecraft:sprint_one_cm":134216,"minecraft:damage_taken":440,"minecraft:walk_one_cm":29817,"minecraft:sneak_time":320,"minecraft:walk_under_water_one_cm":570,"minecraft:jump":877,"minecraft:damage_dealt":35,"minecraft:leave_game":3,"minecraft:time_since_death":27505,"minecraft:walk_on_water_one_cm":4428,"minecraft:climb_one_cm":2049,"minecraft:swim_one_cm":5459,"minecraft:interact_with_crafting_table":4,"minecraft:fall_one_cm":33128,"minecraft:fly_one_cm":209015},"minecraft:mined":{"minecraft:grass":1,"minecraft:grass_block":3,"minecraft:oak_log":7,"minecraft:spruce_wood":10,"minecraft:stone":6,"minecraft:birch_leaves":1,"minecraft:crafting_table":1},"minecraft:picked_up":{"minecraft:crafting_table":1,"minecraft:spruce_wood":10,"pixelmon:magenta_poke_bag":1,"minecraft:dark_oak_sign":6,"minecraft:oak_log":7,"minecraft:dirt":3,"minecraft:cobblestone":6}},"DataVersion":2586}