{"stats":{"minecraft:picked_up":{"minecraft:crafting_table":1,"pixelmon:lure_fairy_strong":1,"minecraft:blast_furnace":1,"minecraft:oak_log":7,"minecraft:lily_pad":7,"pixelmon:water_stone":1,"pixelmon:moon_stone":1,"minecraft:dark_oak_log":1,"minecraft:mossy_cobblestone":1,"minecraft:dirt":3,"minecraft:armor_stand":1,"pixelmon:dusk_stone_helm":1,"pixelmon:water_stone_plate":1,"minecraft:spruce_boat":2,"minecraft:diamond_boots":1,"minecraft:spruce_wood":10,"pixelmon:relic_crown":3,"minecraft:dark_oak_sign":6,"pixelmon:magenta_poke_bag":1,"pixelmon:dawn_stone_legs":1,"pixelmon:pink_trade_machine":1,"minecraft:cobblestone":9},"minecraft:mined":{"minecraft:spruce_planks":1,"pixelmon:relic_crown":3,"minecraft:mossy_cobblestone":1,"minecraft:dark_oak_log":1,"minecraft:birch_leaves":1,"minecraft:crafting_table":1,"minecraft:grass":1,"minecraft:blast_furnace":1,"minecraft:grass_block":3,"minecraft:oak_log":7,"minecraft:cobblestone":3,"minecraft:spruce_wood":10,"minecraft:stone":6,"minecraft:fern":2},"minecraft:dropped":{"pixelmon:lure_casing_strong":1,"minecraft:arrow":2,"minecraft:wooden_pickaxe":1},"minecraft:crafted":{"minecraft:oak_planks":28,"minecraft:crafting_table":1,"minecraft:spruce_planks":40,"minecraft:stick":8,"minecraft:wooden_pickaxe":1,"minecraft:stone_pickaxe":1,"minecraft:chest":1,"minecraft:spruce_boat":1,"minecraft:stone_axe":1},"minecraft:custom":{"minecraft:time_since_rest":69817,"minecraft:sprint_one_cm":350744,"minecraft:damage_taken":1575,"minecraft:walk_one_cm":61065,"minecraft:drop":3,"minecraft:damage_dealt":35,"minecraft:swim_one_cm":17635,"minecraft:interact_with_crafting_table":6,"minecraft:fly_one_cm":498239,"minecraft:open_barrel":27,"minecraft:open_chest":33,"minecraft:play_one_minute":69817,"minecraft:crouch_one_cm":1312,"minecraft:sneak_time":523,"minecraft:walk_under_water_one_cm":2001,"minecraft:boat_one_cm":49958,"minecraft:jump":2197,"minecraft:interact_with_blast_furnace":2,"minecraft:leave_game":5,"minecraft:time_since_death":69817,"minecraft:walk_on_water_one_cm":11613,"minecraft:interact_with_smoker":1,"minecraft:climb_one_cm":7931,"minecraft:fall_one_cm":83320},"minecraft:used":{"minecraft:spruce_boat":2,"minecraft:dark_oak_log":1,"minecraft:armor_stand":1,"minecraft:stone_pickaxe":6,"minecraft:oak_planks":5,"minecraft:iron_pickaxe":6,"minecraft:wooden_pickaxe":3,"minecraft:spruce_planks":12,"minecraft:stone_axe":17,"minecraft:mossy_cobblestone":1,"minecraft:cobblestone":3,"minecraft:dirt":3,"minecraft:crafting_table":2}},"DataVersion":2586}