{"stats":{"minecraft:used":{"minecraft:stone_pickaxe":58,"minecraft:wooden_pickaxe":4,"minecraft:torch":3,"minecraft:dirt":6,"minecraft:sweet_berries":2,"minecraft:crafting_table":1,"minecraft:red_bed":3},"minecraft:crafted":{"minecraft:crafting_table":1,"minecraft:spruce_planks":68,"minecraft:stick":4,"minecraft:wooden_pickaxe":1,"minecraft:stone_pickaxe":1},"minecraft:custom":{"minecraft:time_since_rest":8290,"minecraft:waystone_activated":1,"minecraft:interact_with_furnace":1,"minecraft:sprint_one_cm":292037,"minecraft:damage_taken":850,"minecraft:walk_one_cm":87363,"minecraft:trigger_trapped_chest":2,"minecraft:drop":7,"minecraft:damage_dealt":70,"minecraft:swim_one_cm":2072,"minecraft:interact_with_crafting_table":6,"minecraft:fly_one_cm":319338,"minecraft:open_barrel":66,"minecraft:open_chest":54,"minecraft:crouch_one_cm":1215,"minecraft:play_one_minute":68445,"minecraft:sneak_time":307,"minecraft:walk_under_water_one_cm":389,"minecraft:jump":1238,"minecraft:leave_game":3,"minecraft:walk_on_water_one_cm":2506,"minecraft:time_since_death":68445,"minecraft:sleep_in_bed":3,"minecraft:interact_with_smoker":1,"minecraft:climb_one_cm":4350,"minecraft:fall_one_cm":47246},"minecraft:mined":{"minecraft:large_fern":7,"minecraft:red_bed":3,"minecraft:iron_ore":8,"minecraft:sweet_berry_bush":1,"minecraft:spruce_log":4,"minecraft:torch":1,"minecraft:grass":13,"minecraft:blast_furnace":1,"minecraft:grass_block":3,"minecraft:coal_ore":26,"pixelmon:apricorn_leaves_yellow":4,"pixelmon:apricorn_log":3,"minecraft:dirt":4,"minecraft:tall_grass":16,"minecraft:cobblestone":4,"minecraft:spruce_leaves":5,"minecraft:stone":14,"minecraft:sugar_cane":13,"minecraft:oak_leaves":1,"minecraft:wall_torch":1,"minecraft:fern":1},"minecraft:dropped":{"minecraft:stone":1,"minecraft:wheat_seeds":1,"minecraft:torch":1,"minecraft:stone_bricks":2,"minecraft:fern":1,"minecraft:wooden_pickaxe":1,"minecraft:saddle":1},"minecraft:picked_up":{"pixelmon:black_apricorn":1,"minecraft:sweet_berries":2,"minecraft:fern":1,"minecraft:torch":4,"minecraft:wooden_pickaxe":1,"pixelmon:poke_ball":1,"pixelmon:apricorn_log":3,"minecraft:blast_furnace":1,"minecraft:spruce_log":4,"minecraft:red_bed":3,"minecraft:dirt":7,"minecraft:writable_book":1,"minecraft:wheat_seeds":1,"waystones:waystone":4,"minecraft:iron_ore":8,"minecraft:sugar_cane":28,"minecraft:coal":26,"pixelmon:yellow_apricorn":2,"minecraft:cobblestone":17}},"DataVersion":2586}