{"stats":{"minecraft:used":{"minecraft:stone_pickaxe":56,"minecraft:wooden_pickaxe":4,"minecraft:torch":3,"minecraft:dirt":5,"minecraft:sweet_berries":2,"minecraft:crafting_table":1,"minecraft:red_bed":1},"minecraft:crafted":{"minecraft:crafting_table":1,"minecraft:spruce_planks":68,"minecraft:stick":4,"minecraft:wooden_pickaxe":1,"minecraft:stone_pickaxe":1},"minecraft:custom":{"minecraft:time_since_rest":15526,"minecraft:waystone_activated":1,"minecraft:interact_with_furnace":1,"minecraft:sprint_one_cm":146121,"minecraft:damage_taken":543,"minecraft:walk_one_cm":62008,"minecraft:trigger_trapped_chest":2,"minecraft:drop":5,"minecraft:damage_dealt":70,"minecraft:swim_one_cm":1432,"minecraft:interact_with_crafting_table":6,"minecraft:fly_one_cm":147979,"minecraft:open_barrel":33,"minecraft:open_chest":37,"minecraft:crouch_one_cm":980,"minecraft:play_one_minute":44445,"minecraft:sneak_time":294,"minecraft:walk_under_water_one_cm":169,"minecraft:jump":641,"minecraft:leave_game":3,"minecraft:walk_on_water_one_cm":1634,"minecraft:time_since_death":44445,"minecraft:sleep_in_bed":1,"minecraft:interact_with_smoker":1,"minecraft:climb_one_cm":2917,"minecraft:fall_one_cm":24168},"minecraft:mined":{"minecraft:large_fern":7,"minecraft:red_bed":1,"minecraft:iron_ore":8,"minecraft:sweet_berry_bush":1,"minecraft:spruce_log":4,"minecraft:torch":1,"minecraft:grass":7,"minecraft:blast_furnace":1,"minecraft:grass_block":2,"minecraft:coal_ore":26,"pixelmon:apricorn_leaves_yellow":4,"pixelmon:apricorn_log":3,"minecraft:dirt":4,"minecraft:tall_grass":8,"minecraft:cobblestone":4,"minecraft:stone":14,"minecraft:sugar_cane":13,"minecraft:oak_leaves":1,"minecraft:wall_torch":1,"minecraft:fern":1},"minecraft:dropped":{"minecraft:stone":1,"minecraft:wheat_seeds":1,"minecraft:torch":1,"minecraft:stone_bricks":2,"minecraft:wooden_pickaxe":1},"minecraft:picked_up":{"minecraft:sweet_berries":2,"minecraft:torch":4,"minecraft:wooden_pickaxe":1,"pixelmon:apricorn_log":3,"minecraft:blast_furnace":1,"minecraft:spruce_log":4,"minecraft:red_bed":1,"minecraft:dirt":6,"minecraft:writable_book":1,"minecraft:wheat_seeds":1,"waystones:waystone":2,"minecraft:iron_ore":8,"minecraft:sugar_cane":28,"minecraft:coal":26,"pixelmon:yellow_apricorn":2,"minecraft:cobblestone":17}},"DataVersion":2586}