{"stats":{"minecraft:used":{"minecraft:stone_pickaxe":20,"minecraft:wooden_pickaxe":4,"minecraft:dirt":1,"minecraft:sweet_berries":2,"minecraft:crafting_table":1},"minecraft:crafted":{"minecraft:crafting_table":1,"minecraft:spruce_planks":68,"minecraft:stick":4,"minecraft:wooden_pickaxe":1,"minecraft:stone_pickaxe":1},"minecraft:custom":{"minecraft:time_since_rest":20445,"minecraft:waystone_activated":1,"minecraft:sprint_one_cm":61314,"minecraft:damage_taken":355,"minecraft:walk_one_cm":29041,"minecraft:drop":3,"minecraft:swim_one_cm":565,"minecraft:interact_with_crafting_table":6,"minecraft:fly_one_cm":52328,"minecraft:open_barrel":6,"minecraft:open_chest":11,"minecraft:crouch_one_cm":882,"minecraft:play_one_minute":20445,"minecraft:sneak_time":271,"minecraft:walk_under_water_one_cm":38,"minecraft:jump":248,"minecraft:leave_game":3,"minecraft:walk_on_water_one_cm":978,"minecraft:time_since_death":20445,"minecraft:climb_one_cm":882,"minecraft:fall_one_cm":9999},"minecraft:mined":{"minecraft:large_fern":7,"minecraft:iron_ore":6,"minecraft:sweet_berry_bush":1,"minecraft:spruce_log":4,"minecraft:grass":1,"minecraft:blast_furnace":1,"minecraft:grass_block":1,"pixelmon:apricorn_leaves_yellow":4,"pixelmon:apricorn_log":3,"minecraft:dirt":4,"minecraft:tall_grass":5,"minecraft:cobblestone":4,"minecraft:stone":13,"minecraft:sugar_cane":7,"minecraft:fern":1},"minecraft:dropped":{"minecraft:stone":1,"minecraft:stone_bricks":2,"minecraft:wooden_pickaxe":1},"minecraft:picked_up":{"minecraft:sweet_berries":2,"minecraft:torch":1,"minecraft:wooden_pickaxe":1,"pixelmon:apricorn_log":3,"minecraft:blast_furnace":1,"minecraft:spruce_log":4,"minecraft:dirt":5,"minecraft:iron_ore":6,"minecraft:sugar_cane":19,"pixelmon:yellow_apricorn":2,"minecraft:cobblestone":17}},"DataVersion":2586}