{"stats":{"minecraft:used":{"minecraft:stone_pickaxe":52,"minecraft:wooden_pickaxe":4,"minecraft:torch":2,"minecraft:dirt":5,"minecraft:sweet_berries":2,"minecraft:crafting_table":1,"minecraft:red_bed":1},"minecraft:crafted":{"minecraft:crafting_table":1,"minecraft:spruce_planks":68,"minecraft:stick":4,"minecraft:wooden_pickaxe":1,"minecraft:stone_pickaxe":1},"minecraft:custom":{"minecraft:time_since_rest":3526,"minecraft:waystone_activated":1,"minecraft:sprint_one_cm":88547,"minecraft:damage_taken":435,"minecraft:walk_one_cm":41144,"minecraft:trigger_trapped_chest":1,"minecraft:drop":5,"minecraft:swim_one_cm":976,"minecraft:interact_with_crafting_table":6,"minecraft:fly_one_cm":100223,"minecraft:open_barrel":24,"minecraft:open_chest":28,"minecraft:crouch_one_cm":980,"minecraft:play_one_minute":32445,"minecraft:sneak_time":294,"minecraft:walk_under_water_one_cm":87,"minecraft:jump":462,"minecraft:leave_game":3,"minecraft:walk_on_water_one_cm":1477,"minecraft:time_since_death":32445,"minecraft:sleep_in_bed":1,"minecraft:interact_with_smoker":1,"minecraft:climb_one_cm":2054,"minecraft:fall_one_cm":17132},"minecraft:mined":{"minecraft:large_fern":7,"minecraft:red_bed":1,"minecraft:iron_ore":8,"minecraft:sweet_berry_bush":1,"minecraft:spruce_log":4,"minecraft:torch":1,"minecraft:grass":4,"minecraft:blast_furnace":1,"minecraft:grass_block":2,"minecraft:coal_ore":26,"pixelmon:apricorn_leaves_yellow":4,"pixelmon:apricorn_log":3,"minecraft:dirt":4,"minecraft:tall_grass":6,"minecraft:cobblestone":4,"minecraft:stone":14,"minecraft:sugar_cane":13,"minecraft:oak_leaves":1,"minecraft:wall_torch":1,"minecraft:fern":1},"minecraft:dropped":{"minecraft:stone":1,"minecraft:wheat_seeds":1,"minecraft:torch":1,"minecraft:stone_bricks":2,"minecraft:wooden_pickaxe":1},"minecraft:picked_up":{"minecraft:sweet_berries":2,"minecraft:torch":4,"minecraft:wooden_pickaxe":1,"pixelmon:apricorn_log":3,"minecraft:blast_furnace":1,"minecraft:spruce_log":4,"minecraft:red_bed":1,"minecraft:dirt":6,"minecraft:wheat_seeds":1,"waystones:waystone":1,"minecraft:iron_ore":8,"minecraft:sugar_cane":28,"minecraft:coal":26,"pixelmon:yellow_apricorn":2,"minecraft:cobblestone":17}},"DataVersion":2586}