{"stats":{"minecraft:used":{"minecraft:dirt":1,"minecraft:crafting_table":1,"minecraft:sweet_berries":2,"minecraft:stone_pickaxe":14,"minecraft:wooden_pickaxe":4},"minecraft:crafted":{"minecraft:crafting_table":1,"minecraft:spruce_planks":68,"minecraft:stick":4,"minecraft:wooden_pickaxe":1,"minecraft:stone_pickaxe":1},"minecraft:custom":{"minecraft:open_barrel":6,"minecraft:time_since_rest":12429,"minecraft:open_chest":10,"minecraft:waystone_activated":1,"minecraft:crouch_one_cm":854,"minecraft:play_one_minute":12429,"minecraft:sprint_one_cm":23205,"minecraft:damage_taken":265,"minecraft:walk_one_cm":20143,"minecraft:sneak_time":258,"minecraft:drop":3,"minecraft:jump":80,"minecraft:leave_game":2,"minecraft:time_since_death":12429,"minecraft:climb_one_cm":882,"minecraft:interact_with_crafting_table":6,"minecraft:fall_one_cm":3338,"minecraft:fly_one_cm":9119},"minecraft:mined":{"minecraft:blast_furnace":1,"minecraft:grass_block":1,"minecraft:dirt":4,"minecraft:cobblestone":4,"minecraft:tall_grass":1,"minecraft:sweet_berry_bush":1,"minecraft:spruce_log":4,"minecraft:stone":13},"minecraft:dropped":{"minecraft:stone_bricks":2,"minecraft:stone":1,"minecraft:wooden_pickaxe":1},"minecraft:picked_up":{"minecraft:sweet_berries":2,"minecraft:wooden_pickaxe":1,"minecraft:torch":1,"minecraft:blast_furnace":1,"minecraft:spruce_log":4,"minecraft:dirt":5,"minecraft:cobblestone":17}},"DataVersion":2586}