{"stats":{"minecraft:used":{"pixelmon:black_tumblestone":1},"minecraft:custom":{"minecraft:open_barrel":4,"minecraft:time_since_rest":11435,"minecraft:damage_dealt":50,"minecraft:play_one_minute":11435,"minecraft:crouch_one_cm":3424,"minecraft:damage_taken":50,"minecraft:leave_game":3,"minecraft:sprint_one_cm":19224,"minecraft:time_since_death":11435,"minecraft:walk_on_water_one_cm":136,"minecraft:walk_one_cm":26250,"minecraft:sneak_time":1037,"minecraft:climb_one_cm":931,"minecraft:walk_under_water_one_cm":260,"minecraft:fall_one_cm":2010,"minecraft:drop":2,"minecraft:fly_one_cm":17976,"minecraft:open_chest":12,"minecraft:jump":106},"minecraft:dropped":{"pixelmon:tumblestone":1,"pixelmon:black_tumblestone":1}},"DataVersion":2586}