{"stats":{"minecraft:used":{"minecraft:dirt":2,"pixelmon:black_tumblestone":1},"minecraft:custom":{"minecraft:open_barrel":4,"minecraft:open_chest":12,"minecraft:time_since_rest":22405,"minecraft:crouch_one_cm":3424,"minecraft:play_one_minute":22405,"minecraft:sprint_one_cm":58628,"minecraft:damage_taken":140,"minecraft:walk_one_cm":37602,"minecraft:sneak_time":1037,"minecraft:walk_under_water_one_cm":1051,"minecraft:drop":2,"minecraft:jump":469,"minecraft:damage_dealt":60,"minecraft:leave_game":5,"minecraft:walk_on_water_one_cm":1019,"minecraft:time_since_death":22405,"minecraft:climb_one_cm":931,"minecraft:swim_one_cm":1524,"minecraft:fall_one_cm":12309,"minecraft:fly_one_cm":82748},"minecraft:mined":{"minecraft:grass_block":2,"minecraft:fire":1,"minecraft:birch_leaves":1},"minecraft:dropped":{"pixelmon:black_tumblestone":1,"pixelmon:tumblestone":1},"minecraft:picked_up":{"minecraft:dirt":2}},"DataVersion":2586}