{"stats":{"minecraft:used":{"minecraft:writable_book":1,"pixelmon:black_tumblestone":1,"minecraft:dirt":2},"minecraft:custom":{"minecraft:time_since_rest":70735,"minecraft:damage_taken":914,"minecraft:walk_one_cm":93036,"minecraft:sprint_one_cm":160885,"minecraft:trigger_trapped_chest":4,"minecraft:drop":17,"minecraft:damage_dealt":80,"minecraft:swim_one_cm":11788,"minecraft:fly_one_cm":269961,"minecraft:open_barrel":41,"minecraft:open_chest":36,"minecraft:interact_with_loom":1,"minecraft:play_one_minute":70735,"minecraft:crouch_one_cm":4835,"minecraft:sneak_time":1592,"minecraft:walk_under_water_one_cm":1150,"minecraft:interact_with_lectern":2,"minecraft:jump":1403,"minecraft:leave_game":11,"minecraft:time_since_death":70735,"minecraft:walk_on_water_one_cm":4248,"minecraft:climb_one_cm":10146,"minecraft:fall_one_cm":52443},"minecraft:mined":{"minecraft:light_blue_stained_glass_pane":1,"minecraft:fire":1,"minecraft:magenta_bed":1,"minecraft:white_carpet":1,"minecraft:orange_stained_glass_pane":2,"minecraft:birch_leaves":1,"minecraft:grass":1,"minecraft:infested_mossy_stone_bricks":1,"minecraft:grass_block":2,"pixelmon:froggy_chair":1,"minecraft:zombie_head":1,"pixelmon:blue_berry_wood_slab":1,"minecraft:sugar_cane":1},"minecraft:dropped":{"pixelmon:metal_coat":1,"minecraft:red_bed":1,"pixelmon:fossil_display":1,"minecraft:sugar_cane":2,"pixelmon:tumblestone":1,"pixelmon:silicon":4,"pixelmon:spell_tag":1,"pixelmon:fresh_water":1,"minecraft:zombie_head":1,"pixelmon:boulder":9,"minecraft:writable_book":1,"pixelmon:pixelmon_sprite":1,"pixelmon:black_tumblestone":1,"pixelmon:blue_berry_wood_slab":1,"pixelmon:normal_gem":1},"minecraft:picked_up":{"pixelmon:silicon":2,"pixelmon:s_exp_candy":1,"pixelmon:water_stone":1,"minecraft:magenta_bed":1,"pixelmon:moon_stone":1,"minecraft:dirt":2,"pixelmon:normal_gem":1,"pixelmon:froggy_chair":1,"minecraft:zombie_head":1,"pixelmon:blue_berry_wood_slab":1,"pixelmon:pixelmon_sprite":1,"pixelmon:magenta_poke_bag":1,"pixelmon:x_speed":1,"minecraft:sugar_cane":2,"pixelmon:fossil_display":1}},"DataVersion":2586}