{"stats":{"minecraft:used":{"minecraft:dirt":2,"pixelmon:black_tumblestone":1},"minecraft:custom":{"minecraft:open_barrel":4,"minecraft:open_chest":12,"minecraft:time_since_rest":24886,"minecraft:crouch_one_cm":3637,"minecraft:play_one_minute":24886,"minecraft:sprint_one_cm":58628,"minecraft:damage_taken":140,"minecraft:walk_one_cm":39928,"minecraft:sneak_time":1164,"minecraft:walk_under_water_one_cm":1051,"minecraft:drop":2,"minecraft:interact_with_lectern":2,"minecraft:jump":471,"minecraft:damage_dealt":60,"minecraft:leave_game":8,"minecraft:walk_on_water_one_cm":1019,"minecraft:time_since_death":24886,"minecraft:climb_one_cm":931,"minecraft:swim_one_cm":1524,"minecraft:fall_one_cm":12309,"minecraft:fly_one_cm":82748},"minecraft:mined":{"minecraft:grass_block":2,"minecraft:zombie_head":1,"minecraft:fire":1,"minecraft:birch_leaves":1},"minecraft:dropped":{"pixelmon:black_tumblestone":1,"pixelmon:tumblestone":1},"minecraft:picked_up":{"minecraft:zombie_head":1,"minecraft:dirt":2,"pixelmon:fossil_display":1}},"DataVersion":2586}