{"stats":{"minecraft:used":{"minecraft:writable_book":1,"minecraft:dirt":2,"pixelmon:black_tumblestone":1},"minecraft:custom":{"minecraft:open_barrel":20,"minecraft:open_chest":16,"minecraft:time_since_rest":36769,"minecraft:play_one_minute":36769,"minecraft:crouch_one_cm":4259,"minecraft:sprint_one_cm":96915,"minecraft:damage_taken":444,"minecraft:walk_one_cm":57712,"minecraft:sneak_time":1310,"minecraft:trigger_trapped_chest":1,"minecraft:walk_under_water_one_cm":1051,"minecraft:drop":5,"minecraft:interact_with_lectern":2,"minecraft:jump":857,"minecraft:damage_dealt":80,"minecraft:leave_game":9,"minecraft:time_since_death":36769,"minecraft:walk_on_water_one_cm":1111,"minecraft:climb_one_cm":2249,"minecraft:swim_one_cm":1524,"minecraft:fall_one_cm":27687,"minecraft:fly_one_cm":171193},"minecraft:mined":{"minecraft:grass_block":2,"minecraft:zombie_head":1,"minecraft:fire":1,"minecraft:birch_leaves":1},"minecraft:dropped":{"minecraft:writable_book":1,"pixelmon:pixelmon_sprite":1,"pixelmon:black_tumblestone":1,"pixelmon:tumblestone":1,"minecraft:zombie_head":1},"minecraft:picked_up":{"minecraft:zombie_head":1,"pixelmon:pixelmon_sprite":1,"minecraft:dirt":2,"pixelmon:fossil_display":1}},"DataVersion":2586}