{"stats":{"minecraft:used":{"minecraft:writable_book":1,"minecraft:dirt":2,"pixelmon:black_tumblestone":1},"minecraft:custom":{"minecraft:open_barrel":34,"minecraft:open_chest":24,"minecraft:time_since_rest":48769,"minecraft:interact_with_loom":1,"minecraft:play_one_minute":48769,"minecraft:crouch_one_cm":4756,"minecraft:sprint_one_cm":131223,"minecraft:damage_taken":854,"minecraft:walk_one_cm":72574,"minecraft:sneak_time":1543,"minecraft:trigger_trapped_chest":1,"minecraft:walk_under_water_one_cm":1051,"minecraft:drop":8,"minecraft:interact_with_lectern":2,"minecraft:jump":1185,"minecraft:damage_dealt":80,"minecraft:leave_game":9,"minecraft:time_since_death":48769,"minecraft:walk_on_water_one_cm":1111,"minecraft:climb_one_cm":6324,"minecraft:swim_one_cm":1524,"minecraft:fall_one_cm":44507,"minecraft:fly_one_cm":224706},"minecraft:mined":{"minecraft:light_blue_stained_glass_pane":1,"minecraft:infested_mossy_stone_bricks":1,"minecraft:grass_block":2,"minecraft:zombie_head":1,"pixelmon:blue_berry_wood_slab":1,"minecraft:fire":1,"minecraft:birch_leaves":1},"minecraft:dropped":{"minecraft:writable_book":1,"pixelmon:pixelmon_sprite":1,"pixelmon:black_tumblestone":1,"pixelmon:blue_berry_wood_slab":1,"pixelmon:tumblestone":1,"pixelmon:fresh_water":1,"pixelmon:boulder":9,"minecraft:zombie_head":1},"minecraft:picked_up":{"minecraft:zombie_head":1,"pixelmon:blue_berry_wood_slab":1,"pixelmon:pixelmon_sprite":1,"pixelmon:x_speed":1,"minecraft:dirt":2,"pixelmon:fossil_display":1,"pixelmon:s_exp_candy":1}},"DataVersion":2586}