{
  "sophisticatedbackpacks:recipes/sophisticatedbackpacks/blasting_upgrade": {
    "criteria": {
      "has_upgrade_base": "2024-07-03 21:10:25 +0000"
    },
    "done": true
  },
  "pixelmon:recipes/pokeball/lid/ancient_ultra_ball_lid": {
    "criteria": {
      "has_tumblestone": "2024-07-03 21:11:12 +0000"
    },
    "done": true
  },
  "pixelmon:recipes/decor/vending_machine/green_vending_machine": {
    "criteria": {
      "has_fresh_water": "2024-07-03 21:54:46 +0000"
    },
    "done": true
  },
  "pixelmon:recipes/machines/trade_machine/trade_holder_left": {
    "criteria": {
      "has_poke_ball": "2024-07-03 21:11:20 +0000"
    },
    "done": true
  },
  "sophisticatedbackpacks:recipes/sophisticatedbackpacks/auto_smoking_upgrade": {
    "criteria": {
      "has_smoking_upgrade": "2024-07-03 21:10:25 +0000"
    },
    "done": true
  },
  "pixelmon:recipes/machines/trade_machine/trade_holder_right": {
    "criteria": {
      "has_poke_ball": "2024-07-03 21:11:20 +0000"
    },
    "done": true
  },
  "pixelmon:recipes/pokeball/base/aluminum_base": {
    "criteria": {
      "has_ingot": "2024-07-03 21:10:25 +0000"
    },
    "done": true
  },
  "pixelmon:recipes/pokeball/base/iron_base": {
    "criteria": {
      "has_ingot": "2024-07-03 21:10:25 +0000"
    },
    "done": true
  },
  "pixelmon:recipes/decor/vending_machine/red_vending_machine": {
    "criteria": {
      "has_fresh_water": "2024-07-03 21:54:46 +0000"
    },
    "done": true
  },
  "pixelmon:recipes/pokeball/base/platinum_base": {
    "criteria": {
      "has_ingot": "2024-07-03 21:10:25 +0000"
    },
    "done": true
  },
  "pixelmon:recipes/pokeball/lid/timer_ball_lid": {
    "criteria": {
      "has_poke_ball": "2024-07-03 21:11:20 +0000"
    },
    "done": true
  },
  "pixelmon:specs/shiny_spec_trigger": {
    "criteria": {
      "shiny_spec_trigger": "2024-07-03 21:57:52 +0000"
    },
    "done": true
  },
  "pixelmon:specs/spec_trigger": {
    "criteria": {
      "unown_capture_all": "2024-07-03 21:57:52 +0000",
      "eeveelution_capture_all": "2024-07-03 21:57:52 +0000",
      "shiny_spec_trigger": "2024-07-03 21:57:52 +0000",
      "minior_capture_all": "2024-07-03 21:57:52 +0000"
    },
    "done": true
  },
  "pixelmon:recipes/pokeball/lid/ancient_great_ball_lid": {
    "criteria": {
      "has_tumblestone": "2024-07-03 21:11:12 +0000"
    },
    "done": true
  },
  "minecraft:recipes/food/cooked_salmon_from_smoking": {
    "criteria": {
      "has_salmon": "2024-07-03 21:53:59 +0000"
    },
    "done": true
  },
  "pixelmon:recipes/pokeball/lid/repeat_ball_lid": {
    "criteria": {
      "has_poke_ball": "2024-07-03 21:11:20 +0000"
    },
    "done": true
  },
  "pixelmon:recipes/pokeball/base/wooden_base": {
    "criteria": {
      "has_slab": "2024-07-03 21:10:25 +0000"
    },
    "done": true
  },
  "pixelmon:recipes/infuser/ev_boost/iron": {
    "criteria": {
      "has_feather": "2024-07-03 21:11:24 +0000"
    },
    "done": true
  },
  "pixelmon:balls/ultra_ball_capture": {
    "criteria": {
      "ultra_ball_capture": "2024-07-03 21:57:52 +0000"
    },
    "done": true
  },
  "pixelmon:recipes/pokeball/lid/level_ball_lid": {
    "criteria": {
      "has_poke_ball": "2024-07-03 21:11:20 +0000"
    },
    "done": true
  },
  "pixelmon:recipes/pokeball/lid/ancient_poke_ball_lid": {
    "criteria": {
      "has_tumblestone": "2024-07-03 21:11:12 +0000"
    },
    "done": true
  },
  "minecraft:recipes/food/cooked_beef": {
    "criteria": {
      "has_beef": "2024-07-03 21:53:59 +0000"
    },
    "done": true
  },
  "pixelmon:recipes/pokeball/lid/friend_ball_lid": {
    "criteria": {
      "has_poke_ball": "2024-07-03 21:11:20 +0000"
    },
    "done": true
  },
  "minecraft:adventure/adventuring_time": {
    "criteria": {
      "minecraft:forest": "2024-07-03 21:41:46 +0000",
      "minecraft:mountains": "2024-07-03 21:41:39 +0000",
      "minecraft:taiga": "2024-07-03 21:11:03 +0000",
      "minecraft:taiga_hills": "2024-07-03 21:09:42 +0000",
      "minecraft:dark_forest": "2024-07-03 21:40:32 +0000",
      "minecraft:river": "2024-07-03 21:40:20 +0000",
      "minecraft:stone_shore": "2024-07-03 21:59:22 +0000",
      "minecraft:plains": "2024-07-03 21:41:11 +0000"
    },
    "done": false
  },
  "pixelmon:recipes/pokeball/lid/gigaton_ball_lid": {
    "criteria": {
      "has_tumblestone": "2024-07-03 21:11:12 +0000"
    },
    "done": true
  },
  "pixelmon:recipes/machines/trade_machine/trade_monitor": {
    "criteria": {
      "has_poke_ball": "2024-07-03 21:11:20 +0000"
    },
    "done": true
  },
  "pixelmon:recipes/decor/vending_machine/gray_vending_machine": {
    "criteria": {
      "has_fresh_water": "2024-07-03 21:54:46 +0000"
    },
    "done": true
  },
  "sophisticatedbackpacks:recipes/sophisticatedbackpacks/smoking_upgrade_from_smelting_upgrade": {
    "criteria": {
      "has_smelting_upgrade": "2024-07-03 21:10:25 +0000"
    },
    "done": true
  },
  "pixelmon:types/capture_type_trigger": {
    "criteria": {
      "capture_any": "2024-07-03 21:57:52 +0000"
    },
    "done": true
  },
  "pixelmon:specs/eeveelution_capture_all": {
    "criteria": {
      "0": "2024-07-03 21:57:52 +0000",
      "1": "2024-07-03 21:57:52 +0000",
      "2": "2024-07-03 21:57:52 +0000",
      "3": "2024-07-03 21:57:52 +0000",
      "4": "2024-07-03 21:57:52 +0000",
      "5": "2024-07-03 21:57:52 +0000",
      "6": "2024-07-03 21:57:52 +0000",
      "7": "2024-07-03 21:57:52 +0000",
      "8": "2024-07-03 21:57:52 +0000"
    },
    "done": true
  },
  "pixelmon:recipes/pokeball/lid/net_ball_lid": {
    "criteria": {
      "has_poke_ball": "2024-07-03 21:11:20 +0000"
    },
    "done": true
  },
  "minecraft:recipes/decorations/chest": {
    "criteria": {
      "has_lots_of_items": "2024-07-03 21:11:20 +0000"
    },
    "done": true
  },
  "minecraft:recipes/transportation/birch_boat": {
    "criteria": {
      "in_water": "2024-07-03 21:12:16 +0000"
    },
    "done": true
  },
  "pixelmon:recipes/pokeball/lid/ancient_heavy_ball_lid": {
    "criteria": {
      "has_tumblestone": "2024-07-03 21:11:12 +0000"
    },
    "done": true
  },
  "pixelmon:recipes/decor/vending_machine/magenta_vending_machine": {
    "criteria": {
      "has_fresh_water": "2024-07-03 21:54:46 +0000"
    },
    "done": true
  },
  "pixelmon:recipes/decor/vending_machine/lime_vending_machine": {
    "criteria": {
      "has_fresh_water": "2024-07-03 21:54:46 +0000"
    },
    "done": true
  },
  "minecraft:recipes/transportation/acacia_boat": {
    "criteria": {
      "in_water": "2024-07-03 21:12:16 +0000"
    },
    "done": true
  },
  "pixelmon:recipes/decor/vending_machine/black_vending_machine": {
    "criteria": {
      "has_fresh_water": "2024-07-03 21:54:46 +0000"
    },
    "done": true
  },
  "pixelmon:recipes/decor/vending_machine/cyan_vending_machine": {
    "criteria": {
      "has_fresh_water": "2024-07-03 21:54:46 +0000"
    },
    "done": true
  },
  "pixelmon:recipes/pokeball/lid/lure_ball_lid": {
    "criteria": {
      "has_poke_ball": "2024-07-03 21:11:20 +0000"
    },
    "done": true
  },
  "pixelmon:specs/clobbopus_jump_capture_all": {
    "criteria": {
      "s": "2024-07-03 21:57:52 +0000"
    },
    "done": false
  },
  "pixelmon:recipes/decor/vending_machine/purple_vending_machine": {
    "criteria": {
      "has_fresh_water": "2024-07-03 21:54:46 +0000"
    },
    "done": true
  },
  "sophisticatedbackpacks:recipes/sophisticatedbackpacks/auto_blasting_upgrade_from_auto_smelting_upgrade": {
    "criteria": {
      "has_auto_smelting_upgrade": "2024-07-03 21:10:25 +0000"
    },
    "done": true
  },
  "pixelmon:recipes/decor/terrain/poke_dirt": {
    "criteria": {
      "has_dirt": "2024-07-03 21:40:45 +0000"
    },
    "done": true
  },
  "pixelmon:recipes/pokeball/lid/leaden_ball_lid": {
    "criteria": {
      "has_tumblestone": "2024-07-03 21:11:12 +0000"
    },
    "done": true
  },
  "minecraft:recipes/transportation/jungle_boat": {
    "criteria": {
      "in_water": "2024-07-03 21:12:16 +0000"
    },
    "done": true
  },
  "pixelmon:recipes/pokeball/lid/premier_ball_lid": {
    "criteria": {
      "has_poke_ball": "2024-07-03 21:11:20 +0000"
    },
    "done": true
  },
  "minecraft:recipes/transportation/spruce_boat": {
    "criteria": {
      "in_water": "2024-07-03 21:12:16 +0000"
    },
    "done": true
  },
  "minecraft:recipes/food/cooked_salmon_from_campfire_cooking": {
    "criteria": {
      "has_salmon": "2024-07-03 21:53:59 +0000"
    },
    "done": true
  },
  "pixelmon:recipes/pokeball/lid/quick_ball_lid": {
    "criteria": {
      "has_poke_ball": "2024-07-03 21:11:20 +0000"
    },
    "done": true
  },
  "pixelmon:recipes/pokeball/ball/dream_ball_new": {
    "criteria": {
      "has_dusk_ball": "2024-07-03 21:53:59 +0000"
    },
    "done": true
  },
  "pixelmon:recipes/pokeball/lid/dusk_ball_lid": {
    "criteria": {
      "has_poke_ball": "2024-07-03 21:11:20 +0000"
    },
    "done": true
  },
  "pixelmon:recipes/equipment/flute/white_flute": {
    "criteria": {
      "has_white_shard": "2024-07-03 21:11:12 +0000"
    },
    "done": true
  },
  "pixelmon:recipes/equipment/flute/yellow_flute": {
    "criteria": {
      "has_yellow_shard": "2024-07-03 21:11:12 +0000"
    },
    "done": true
  },
  "pixelmon:recipes/pokeball/lid/heavy_ball_lid": {
    "criteria": {
      "has_poke_ball": "2024-07-03 21:11:20 +0000"
    },
    "done": true
  },
  "pixelmon:specs/spheal_jump_capture_all": {
    "criteria": {
      "s": "2024-07-03 21:57:52 +0000"
    },
    "done": false
  },
  "minecraft:recipes/transportation/dark_oak_boat": {
    "criteria": {
      "in_water": "2024-07-03 21:12:16 +0000"
    },
    "done": true
  },
  "minecraft:recipes/transportation/carrot_on_a_stick": {
    "criteria": {
      "has_carrot": "2024-07-03 21:53:59 +0000"
    },
    "done": true
  },
  "pixelmon:recipes/pokeball/lid/safari_ball_lid": {
    "criteria": {
      "has_poke_ball": "2024-07-03 21:11:20 +0000"
    },
    "done": true
  },
  "pixelmon:recipes/decor/vending_machine/light_blue_vending_machine": {
    "criteria": {
      "has_fresh_water": "2024-07-03 21:54:46 +0000"
    },
    "done": true
  },
  "pixelmon:recipes/pokeball/base/silver_base": {
    "criteria": {
      "has_ingot": "2024-07-03 21:10:25 +0000"
    },
    "done": true
  },
  "pixelmon:recipes/decor/vending_machine/brown_vending_machine": {
    "criteria": {
      "has_fresh_water": "2024-07-03 21:54:46 +0000"
    },
    "done": true
  },
  "sophisticatedbackpacks:recipes/sophisticatedbackpacks/auto_smoking_upgrade_from_auto_smelting_upgrade": {
    "criteria": {
      "has_auto_smelting_upgrade": "2024-07-03 21:10:25 +0000"
    },
    "done": true
  },
  "pixelmon:recipes/decor/household_items/mug_ball": {
    "criteria": {
      "has_poke_ball": "2024-07-03 21:11:20 +0000"
    },
    "done": true
  },
  "pixelmon:recipes/pokeball/lid/luxury_ball_lid": {
    "criteria": {
      "has_poke_ball": "2024-07-03 21:11:20 +0000"
    },
    "done": true
  },
  "pixelmon:recipes/pokeball/lid/moon_ball_lid": {
    "criteria": {
      "has_poke_ball": "2024-07-03 21:11:20 +0000"
    },
    "done": true
  },
  "pixelmon:recipes/decor/vending_machine/yellow_vending_machine": {
    "criteria": {
      "has_fresh_water": "2024-07-03 21:54:46 +0000"
    },
    "done": true
  },
  "pixelmon:recipes/pokeball/lid/fast_ball_lid": {
    "criteria": {
      "has_poke_ball": "2024-07-03 21:11:20 +0000"
    },
    "done": true
  },
  "pixelmon:recipes/decor/vending_machine/white_vending_machine": {
    "criteria": {
      "has_fresh_water": "2024-07-03 21:54:46 +0000"
    },
    "done": true
  },
  "minecraft:recipes/food/cooked_beef_from_smoking": {
    "criteria": {
      "has_beef": "2024-07-03 21:53:59 +0000"
    },
    "done": true
  },
  "sophisticatedbackpacks:recipes/sophisticatedbackpacks/auto_blasting_upgrade": {
    "criteria": {
      "has_blasting_upgrade": "2024-07-03 21:10:25 +0000"
    },
    "done": true
  },
  "sophisticatedbackpacks:recipes/sophisticatedbackpacks/blasting_upgrade_from_smelting_upgrade": {
    "criteria": {
      "has_smelting_upgrade": "2024-07-03 21:10:25 +0000"
    },
    "done": true
  },
  "pixelmon:recipes/equipment/film": {
    "criteria": {
      "has_camera": "2024-07-03 21:54:46 +0000"
    },
    "done": true
  },
  "pixelmon:recipes/decor/vending_machine/light_gray_vending_machine": {
    "criteria": {
      "has_fresh_water": "2024-07-03 21:54:46 +0000"
    },
    "done": true
  },
  "pixelmon:pokedex/pokedex_trigger": {
    "criteria": {
      "pokedex_base": "2024-07-03 21:10:19 +0000"
    },
    "done": true
  },
  "pixelmon:recipes/decor/vending_machine/pink_vending_machine": {
    "criteria": {
      "has_fresh_water": "2024-07-03 21:54:46 +0000"
    },
    "done": true
  },
  "minecraft:recipes/food/cooked_beef_from_campfire_cooking": {
    "criteria": {
      "has_beef": "2024-07-03 21:53:59 +0000"
    },
    "done": true
  },
  "pixelmon:specs/magikarp_jump_capture_all": {
    "criteria": {
      "s": "2024-07-03 21:57:52 +0000"
    },
    "done": false
  },
  "pixelmon:recipes/pokeball/lid/sport_ball_lid": {
    "criteria": {
      "has_poke_ball": "2024-07-03 21:11:20 +0000"
    },
    "done": true
  },
  "minecraft:recipes/food/cooked_salmon": {
    "criteria": {
      "has_salmon": "2024-07-03 21:53:59 +0000"
    },
    "done": true
  },
  "pixelmon:recipes/decor/vending_machine/blue_vending_machine": {
    "criteria": {
      "has_fresh_water": "2024-07-03 21:54:46 +0000"
    },
    "done": true
  },
  "minecraft:recipes/transportation/oak_boat": {
    "criteria": {
      "in_water": "2024-07-03 21:12:16 +0000"
    },
    "done": true
  },
  "pixelmon:recipes/machines/trade_machine/trade_panel": {
    "criteria": {
      "has_poke_ball": "2024-07-03 21:11:20 +0000"
    },
    "done": true
  },
  "sophisticatedbackpacks:recipes/sophisticatedbackpacks/smoking_upgrade": {
    "criteria": {
      "has_upgrade_base": "2024-07-03 21:10:25 +0000"
    },
    "done": true
  },
  "pixelmon:recipes/pokeball/lid/dive_ball_lid": {
    "criteria": {
      "has_poke_ball": "2024-07-03 21:11:20 +0000"
    },
    "done": true
  },
  "pixelmon:recipes/pokeball/lid/love_ball_lid": {
    "criteria": {
      "has_poke_ball": "2024-07-03 21:11:20 +0000"
    },
    "done": true
  },
  "pixelmon:recipes/decor/vending_machine/orange_vending_machine": {
    "criteria": {
      "has_fresh_water": "2024-07-03 21:54:46 +0000"
    },
    "done": true
  },
  "DataVersion": 2586
}